word_segment,instances,prominence
འི་,183,3.886175408791676
ར་,136,2.888086642599278
ནས་,117,2.4846039498832027
དང་,113,2.3996602251008707
དུ་,84,1.7838182204289659
ལ་,66,1.4015714589084731
ཀྱི་,66,1.4015714589084731
ས་,60,1.2741558717349757
གྱི་,47,0.9980887661923975
རིན་པོ་ཆེ་,34,0.7220216606498195
གི་,33,0.7007857294542366
མཛད་,32,0.6795497982586537
ལ་དྭགས་,30,0.6370779358674878
བཅས་,29,0.6158420046719049
གསུམ་,29,0.6158420046719049
སྐུ་,28,0.594606073476322
༸སྐྱབས་,28,0.594606073476322
མཛད,26,0.552134211085156
རྣམས་,26,0.552134211085156
སོགས་,25,0.5308982798895732
སུ་,24,0.5096623486939902
དགོན་,24,0.5096623486939902
ཡང་,23,0.4884264174984073
ཆོས་,21,0.44595455510724147
རྟོགས་ལྡན་,20,0.4247186239116585
བོད་,20,0.4247186239116585
མགོན་,19,0.4034826927160756
འབྲི་གུང་,18,0.3822467615204927
མ་,18,0.3822467615204927
ཀྱིས་,17,0.36101083032490977
མཇལ་,17,0.36101083032490977
ཡང་སྲིད་,16,0.33977489912932685
བཞུགས་,16,0.33977489912932685
ཞེས་,16,0.33977489912932685
ཁག་,16,0.33977489912932685
མི་,16,0.33977489912932685
མཆོག་,16,0.33977489912932685
གཉིས་,15,0.3185389679337439
ཀྱང་,15,0.3185389679337439
ཚུལ,14,0.297303036738161
ནི་,14,0.297303036738161
རྗེ་,14,0.297303036738161
དེ་ནས་,14,0.297303036738161
ཚེས་,14,0.297303036738161
ལ,13,0.276067105542578
བཀའ་,13,0.276067105542578
ཞུས,13,0.276067105542578
དེ་,13,0.276067105542578
གནས་,13,0.276067105542578
ཞིང་,12,0.2548311743469951
རྣམ་,12,0.2548311743469951
དཀོན་མཆོག་,12,0.2548311743469951
བླ་མ་,12,0.2548311743469951
ནང་,12,0.2548311743469951
དྲུང་,12,0.2548311743469951
ཉིན་,12,0.2548311743469951
མྱུར་,12,0.2548311743469951
སྐྱེ་བ་,11,0.23359524315141217
མཚན་,11,0.23359524315141217
བྱུང་,11,0.23359524315141217
ཕེབས་,11,0.23359524315141217
བརྒྱུད་,11,0.23359524315141217
སྐབས་,11,0.23359524315141217
རྡོ་རྗེ་,11,0.23359524315141217
དབང་,11,0.23359524315141217
༽,11,0.23359524315141217
བསྟན་པ,10,0.21235931195582924
ཏེ་,10,0.21235931195582924
བསྟན་འཛིན་,10,0.21235931195582924
ཐུབ་བསྟན་,10,0.21235931195582924
བར་,10,0.21235931195582924
སྔོན་,10,0.21235931195582924
ཆོས་རྗེ་,10,0.21235931195582924
དུས་,10,0.21235931195582924
རིན་པོ་ཆེ,10,0.21235931195582924
རང་,10,0.21235931195582924
ཁྲི་,9,0.19112338076024635
ཚུལ་,9,0.19112338076024635
ཞབས་,9,0.19112338076024635
བསོད་ནམས་,9,0.19112338076024635
འཁྲུངས,9,0.19112338076024635
རྒྱལ་མཚན་,9,0.19112338076024635
སྒང་,9,0.19112338076024635
གྱིས་,9,0.19112338076024635
ཞུས་,9,0.19112338076024635
སྤྱི་ལོ་,9,0.19112338076024635
ཕྱོགས་,8,0.16988744956466342
རྒྱ་གར་,8,0.16988744956466342
འཁྲུངས་,8,0.16988744956466342
དབང་ལུང་,8,0.16988744956466342
ཕུལ་,8,0.16988744956466342
བཞིན་,8,0.16988744956466342
ཚང་,8,0.16988744956466342
འཆང་,8,0.16988744956466342
ཞིག་,8,0.16988744956466342
ཡོད་པ་,8,0.16988744956466342
ཞབས་འདེགས་,8,0.16988744956466342
ཡོད,8,0.16988744956466342
བྱོན་,8,0.16988744956466342
ཉིད་,7,0.1486515183690805
སྐུ,7,0.1486515183690805
རིན་ཆེན་,7,0.1486515183690805
འབྲི་གུང་པ,7,0.1486515183690805
ཨོ་རྒྱན་,7,0.1486515183690805
རྣམ་རྒྱལ་,7,0.1486515183690805
ཉི་མ་,7,0.1486515183690805
སྤྲུལ་སྐུ་,7,0.1486515183690805
ཤིན་ཏུ་,7,0.1486515183690805
ཞེས་པ་,7,0.1486515183690805
དང,7,0.1486515183690805
སྒྲུབ་,7,0.1486515183690805
དེ,7,0.1486515183690805
གཡུང་དྲུང་,7,0.1486515183690805
ཞི་བ,7,0.1486515183690805
འབྲི་,7,0.1486515183690805
ཆེ་,7,0.1486515183690805
དགོངས་པ་,7,0.1486515183690805
བཀའ་དབང་,7,0.1486515183690805
ཏུ་,7,0.1486515183690805
ལྷན་,7,0.1486515183690805
ཚོགས་,7,0.1486515183690805
ལོ་,7,0.1486515183690805
དཔལ་,7,0.1486515183690805
ཡུལ་,6,0.12741558717349755
ཕུན་ཚོགས་,6,0.12741558717349755
ཟབ་,6,0.12741558717349755
མེ་ཏོག་,6,0.12741558717349755
ཅིང་,6,0.12741558717349755
ཡིན་,6,0.12741558717349755
རབ་ཏུ་,6,0.12741558717349755
བཀྲ་ཤིས་,6,0.12741558717349755
ལྔ་,6,0.12741558717349755
ཙམ་,6,0.12741558717349755
རྒྱས་,6,0.12741558717349755
བཟང་པོ་,6,0.12741558717349755
སྙིང་,6,0.12741558717349755
བློ་གྲོས་,6,0.12741558717349755
ཞེས་པ,6,0.12741558717349755
ཆོས་རྗེ,6,0.12741558717349755
ཐུགས་དམ་,6,0.12741558717349755
མཛད་པ་,6,0.12741558717349755
ཆེན་,6,0.12741558717349755
ཀུན་,6,0.12741558717349755
སོ,6,0.12741558717349755
ནོར་བུ་,6,0.12741558717349755
གནང་,6,0.12741558717349755
ན་,6,0.12741558717349755
རྟགས་,6,0.12741558717349755
ལོག་,6,0.12741558717349755
གསོལ་,6,0.12741558717349755
སློབ་སྦྱོང་,6,0.12741558717349755
གནས་ཆེན་,6,0.12741558717349755
སྒོ་,6,0.12741558717349755
དད་པ་,6,0.12741558717349755
ངོས་འཛིན་,5,0.10617965597791462
སྟོན་,5,0.10617965597791462
རྒྱལ་དབང་,5,0.10617965597791462
གང་,5,0.10617965597791462
ཕྱག་,5,0.10617965597791462
ཆེན་པོ་,5,0.10617965597791462
འོད་,5,0.10617965597791462
ཤིང་,5,0.10617965597791462
ལྟར་,5,0.10617965597791462
འཕྲིན་ལས་,5,0.10617965597791462
གཞན་,5,0.10617965597791462
གཞུང་,5,0.10617965597791462
རི་,5,0.10617965597791462
སྒར་,5,0.10617965597791462
མཁན་པོ་,5,0.10617965597791462
ཁྲིད་,5,0.10617965597791462
སྐོར་,5,0.10617965597791462
པདྨ,5,0.10617965597791462
གཤེགས་,5,0.10617965597791462
དོན་,5,0.10617965597791462
སྐུ་ཕྲེང་,5,0.10617965597791462
ཆུང་,5,0.10617965597791462
ལྡན་,5,0.10617965597791462
ཅན་,5,0.10617965597791462
བདེ་བ,5,0.10617965597791462
ཟླ་བ་,5,0.10617965597791462
མངའ་,5,0.10617965597791462
རྟེན་འབྲེལ་,5,0.10617965597791462
གཅིག་,5,0.10617965597791462
བུ་,5,0.10617965597791462
དགོས་,5,0.10617965597791462
འོ,5,0.10617965597791462
མེད་,5,0.10617965597791462
རྒྱུ,5,0.10617965597791462
མང་,5,0.10617965597791462
ཡིན,5,0.10617965597791462
མཁྱེན་,5,0.10617965597791462
དབུ་,5,0.10617965597791462
ཐོག་,5,0.10617965597791462
ལུང་,5,0.10617965597791462
དམ་པ་,5,0.10617965597791462
བཀའ་དྲིན་,5,0.10617965597791462
ཕྱེས་,5,0.10617965597791462
གསོལ་འདེབས་,5,0.10617965597791462
གོང་མ,4,0.08494372478233171
འགྲོ་དོན་,4,0.08494372478233171
པདྨ་,4,0.08494372478233171
ཆོས་རྒྱལ་,4,0.08494372478233171
མདོ་སྔགས་,4,0.08494372478233171
དགོན་པ་,4,0.08494372478233171
ཁམས་,4,0.08494372478233171
བསྟན་པ་,4,0.08494372478233171
གྱུར་,4,0.08494372478233171
གླིང་,4,0.08494372478233171
རྟེན་,4,0.08494372478233171
བསྟན་,4,0.08494372478233171
རྒྱ་,4,0.08494372478233171
ཕེབས,4,0.08494372478233171
ཆེ་བ་,4,0.08494372478233171
སྡེ་,4,0.08494372478233171
ཁྱིམ་,4,0.08494372478233171
དགུང་ལོ་,4,0.08494372478233171
མངའ་རིས་,4,0.08494372478233171
རྡོར་,4,0.08494372478233171
མཐིལ་,4,0.08494372478233171
གྱུར,4,0.08494372478233171
མཚོ་,4,0.08494372478233171
དགེ་རྒན་,4,0.08494372478233171
ཚེ་རིང་,4,0.08494372478233171
འདོན་,4,0.08494372478233171
ཕྱིར་,4,0.08494372478233171
དད་,4,0.08494372478233171
ཨ་ཕྱི་,4,0.08494372478233171
བྲག་,4,0.08494372478233171
གསུངས་པ,4,0.08494372478233171
ཡིན་པ,4,0.08494372478233171
བྱེད་,4,0.08494372478233171
སྟེང་,4,0.08494372478233171
རྒྱུ་,4,0.08494372478233171
ཆོས་སྐུ་,4,0.08494372478233171
བྱིན་,4,0.08494372478233171
རིང་,4,0.08494372478233171
བྱ་,4,0.08494372478233171
འཁྲུལ་,4,0.08494372478233171
རྗེས་,4,0.08494372478233171
གིས་,4,0.08494372478233171
ཀཤྨིར་,4,0.08494372478233171
ཇམྨུ་,4,0.08494372478233171
ཞུ་,4,0.08494372478233171
ཡིད་བཞིན་,4,0.08494372478233171
བཀའ་འབུམ,4,0.08494372478233171
ཡོད་,4,0.08494372478233171
ཐོན་,4,0.08494372478233171
རི,4,0.08494372478233171
མང་པོ,4,0.08494372478233171
ཡོངས་,4,0.08494372478233171
དག་སྣང་,4,0.08494372478233171
གཏེར་,4,0.08494372478233171
གནས་ཡིག་,4,0.08494372478233171
གཤེགས་པ,4,0.08494372478233171
སྲི་ཞུ་,4,0.08494372478233171
བསྒྲིགས་,4,0.08494372478233171
འཁྲུངས་པ་,3,0.06370779358674877
༄༅,3,0.06370779358674877
འཁྲུངས་པ,3,0.06370779358674877
ཐམས་ཅད་,3,0.06370779358674877
གསན་,3,0.06370779358674877
མཛད་པ,3,0.06370779358674877
རྒྱ་ཆེན་པོ་,3,0.06370779358674877
ཀོང་པོ་,3,0.06370779358674877
གྲགས་པ་,3,0.06370779358674877
བཙུགས་,3,0.06370779358674877
ཤར་,3,0.06370779358674877
གཉིས་པ་,3,0.06370779358674877
ཤོད་,3,0.06370779358674877
གཏུགས་,3,0.06370779358674877
བྱུང,3,0.06370779358674877
ཨེ་ཝཾ་,3,0.06370779358674877
རྒྱལ་བ་,3,0.06370779358674877
སྤེལ་,3,0.06370779358674877
ཀུན་མཁྱེན་,3,0.06370779358674877
གདན་ཞུ,3,0.06370779358674877
རབ་གནས་,3,0.06370779358674877
དགེ་འདུན་,3,0.06370779358674877
མཛད་འཕྲིན་,3,0.06370779358674877
གདན་ས,3,0.06370779358674877
གཟིགས་,3,0.06370779358674877
དགོངས་,3,0.06370779358674877
ལྗགས་ལུང་,3,0.06370779358674877
རྒྱུད་སྡེ་,3,0.06370779358674877
སྦྲང་,3,0.06370779358674877
ཆོས་སྲིད་,3,0.06370779358674877
ཁ་,3,0.06370779358674877
དར་,3,0.06370779358674877
དེ་ཡང་,3,0.06370779358674877
འགྲོ་,3,0.06370779358674877
མཐོང་,3,0.06370779358674877
སྨོན་,3,0.06370779358674877
སྡེ,3,0.06370779358674877
སྐུ་གཤེགས,3,0.06370779358674877
ཆོས་གྲགས་,3,0.06370779358674877
གཙང་,3,0.06370779358674877
རྒྱལ་པོ་,3,0.06370779358674877
བརྒྱད་,3,0.06370779358674877
སློབ་དཔོན་,3,0.06370779358674877
དེ་དུས་,3,0.06370779358674877
སྐུ་ཚེ་,3,0.06370779358674877
ཀུན་དགའ་,3,0.06370779358674877
ཆེ་བ,3,0.06370779358674877
གཟིམ་ཆུང་,3,0.06370779358674877
བཞུགས,3,0.06370779358674877
བསྟེན་,3,0.06370779358674877
ལེགས་པ,3,0.06370779358674877
ཞུ་བ་,3,0.06370779358674877
བས་,3,0.06370779358674877
ཆེན་པོ,3,0.06370779358674877
མཎྜལ་,3,0.06370779358674877
དགོས་པ,3,0.06370779358674877
ལྔ,3,0.06370779358674877
རེ་,3,0.06370779358674877
འཇའ་,3,0.06370779358674877
གུར་,3,0.06370779358674877
ཞིང་གཤེགས་,3,0.06370779358674877
རབ་,3,0.06370779358674877
༡,3,0.06370779358674877
ཁུལ་,3,0.06370779358674877
ཡུམ་,3,0.06370779358674877
ཡེ་ཤེས་,3,0.06370779358674877
བདག་,3,0.06370779358674877
སྔོན་པོ་,3,0.06370779358674877
གསུངས་པ་,3,0.06370779358674877
ཚེ་,3,0.06370779358674877
ཐག་,3,0.06370779358674877
མཉམ་,3,0.06370779358674877
འདས་པ,3,0.06370779358674877
གསུངས་,3,0.06370779358674877
གཙང་སྦྲ་,3,0.06370779358674877
ས,3,0.06370779358674877
ནོར་,3,0.06370779358674877
༸གོང་,3,0.06370779358674877
མ,3,0.06370779358674877
དབུ་ཆོས་,3,0.06370779358674877
ཡོངས་འཛིན་,3,0.06370779358674877
བཞུགས་ཁྲི,3,0.06370779358674877
ཆེས་,3,0.06370779358674877
ཕེབས་པ་,3,0.06370779358674877
གཟིགས,3,0.06370779358674877
༡༢,3,0.06370779358674877
ཀུ་,3,0.06370779358674877
ཞུས་པ,3,0.06370779358674877
སྣང་བ་,3,0.06370779358674877
ཨ་,3,0.06370779358674877
ཀ་,3,0.06370779358674877
ལྷ་ལྡན་,3,0.06370779358674877
སེ,3,0.06370779358674877
སྦྲེང་,3,0.06370779358674877
འཁོད,3,0.06370779358674877
ཉི་ཟླ་,3,0.06370779358674877
བོད་ཟླ་,3,0.06370779358674877
བཟུང་,3,0.06370779358674877
སྦུག་,3,0.06370779358674877
ཉི་,3,0.06370779358674877
གསང་,3,0.06370779358674877
བུམ་,3,0.06370779358674877
རྫོང་,3,0.06370779358674877
སི་,3,0.06370779358674877
བདུད་,3,0.06370779358674877
འཇོམས་,3,0.06370779358674877
༸རྒྱལ་,3,0.06370779358674877
གཙོ,3,0.06370779358674877
གསལ་བ,3,0.06370779358674877
གསོལ་བ་,3,0.06370779358674877
གསལ་,3,0.06370779358674877
མེད་པ,3,0.06370779358674877
སྒྲོམ་,3,0.06370779358674877
ཟངས་མདོག་,3,0.06370779358674877
ཆུ་,3,0.06370779358674877
དམ་ཚིག་,3,0.06370779358674877
སྐྱོང་,3,0.06370779358674877
རེ་ཞིག་,3,0.06370779358674877
ཞལ་འདོན་,3,0.06370779358674877
བསྡུས་,3,0.06370779358674877
རྣམ་རྒྱས་པ་,3,0.06370779358674877
བསྐྲུན་,3,0.06370779358674877
འདི,3,0.06370779358674877
བསྐུལ་བ,3,0.06370779358674877
ངོ,3,0.06370779358674877
ནས,3,0.06370779358674877
འི་་,2,0.042471862391165856
ཆོས་ལྡན་,2,0.042471862391165856
དང་པོ་,2,0.042471862391165856
རྗེས་སུ་,2,0.042471862391165856
བཟུང་བ,2,0.042471862391165856
སློབ་མ་,2,0.042471862391165856
རཏྣ་,2,0.042471862391165856
ཡོན་ཏན་,2,0.042471862391165856
མཁར་,2,0.042471862391165856
བཏབ་,2,0.042471862391165856
སངས་རྒྱས་,2,0.042471862391165856
འདི་,2,0.042471862391165856
རིག་འཛིན་,2,0.042471862391165856
ར,2,0.042471862391165856
སྤྲུལ་,2,0.042471862391165856
རྔོད་,2,0.042471862391165856
དབུ་བླ་,2,0.042471862391165856
དབང་ཕྱུག་,2,0.042471862391165856
སློབ་མ,2,0.042471862391165856
ནགས་,2,0.042471862391165856
བཅུ་ཕྲག་,2,0.042471862391165856
བཟང་པོ,2,0.042471862391165856
ངོ་,2,0.042471862391165856
བྱང་,2,0.042471862391165856
དངོས་,2,0.042471862391165856
གཅིག,2,0.042471862391165856
བཀའ་འབུམ་,2,0.042471862391165856
དག་,2,0.042471862391165856
མཁས་པ,2,0.042471862391165856
ཡི་དམ་,2,0.042471862391165856
བཙུན་,2,0.042471862391165856
རྒྱས་པ,2,0.042471862391165856
དོ,2,0.042471862391165856
བྱ་བ་,2,0.042471862391165856
དོན་གྲུབ་,2,0.042471862391165856
འདུལ་,2,0.042471862391165856
དབུར་སྟོད་,2,0.042471862391165856
ཕུར་,2,0.042471862391165856
སྤྱན་,2,0.042471862391165856
གཙུག་ཕུད་,2,0.042471862391165856
བསྙེན་པ,2,0.042471862391165856
ཡོངས་རྫོགས་,2,0.042471862391165856
ཆོས་རྫོང་,2,0.042471862391165856
ཐར་པ་,2,0.042471862391165856
གླིང,2,0.042471862391165856
ཤང་,2,0.042471862391165856
ཚེ་དབང་,2,0.042471862391165856
ཚེ་བརྟན་,2,0.042471862391165856
༸རྗེ་,2,0.042471862391165856
སློབ་,2,0.042471862391165856
རིང་པོ,2,0.042471862391165856
ནི,2,0.042471862391165856
རྫོགས,2,0.042471862391165856
མཆོད་ཡོན་,2,0.042471862391165856
འབྲེལ,2,0.042471862391165856
བརྒྱད་པ་,2,0.042471862391165856
སྲས་,2,0.042471862391165856
ཡི་གེ་,2,0.042471862391165856
གསོལ,2,0.042471862391165856
ལུགས་,2,0.042471862391165856
ཞབས་ཏོག་,2,0.042471862391165856
གདན་འདྲེན་,2,0.042471862391165856
གངས་,2,0.042471862391165856
ཟེར་,2,0.042471862391165856
ནམ་,2,0.042471862391165856
གནང,2,0.042471862391165856
འཐུས་མི་,2,0.042471862391165856
ཞལ་མཇལ་,2,0.042471862391165856
མང་ཡུལ་,2,0.042471862391165856
སྐུ་མཆེད་,2,0.042471862391165856
ཐུགས་རྒྱུད་,2,0.042471862391165856
བྱང་ཆུབ་,2,0.042471862391165856
ཞིག་གསོ,2,0.042471862391165856
ལྷ་,2,0.042471862391165856
གས,2,0.042471862391165856
ཁྱབ་པ་,2,0.042471862391165856
ལ་སོགས་པ,2,0.042471862391165856
ཐོས,2,0.042471862391165856
སྤྲིན་,2,0.042471862391165856
ཕུབ་པ་,2,0.042471862391165856
འགྲོ་བ,2,0.042471862391165856
དགུ་པ་,2,0.042471862391165856
༢,2,0.042471862391165856
ཡུལ་ཚོ་,2,0.042471862391165856
ཚུལ་ཁྲིམས་,2,0.042471862391165856
སྒྲོལ་མ་,2,0.042471862391165856
ནམ་མཁའ་,2,0.042471862391165856
སྣ་,2,0.042471862391165856
ངོ་མཚར་,2,0.042471862391165856
བསྟན་སྲུང་,2,0.042471862391165856
སྒྲོལ་མ,2,0.042471862391165856
ལྷ་དབང་,2,0.042471862391165856
ཕྱུག་,2,0.042471862391165856
ཕ་མ་,2,0.042471862391165856
གང་རུང་,2,0.042471862391165856
རེའུ་,2,0.042471862391165856
སྐྱེས,2,0.042471862391165856
འོ་མ་,2,0.042471862391165856
བུ་ཆུང་,2,0.042471862391165856
འཚོ་,2,0.042471862391165856
ཐུབ་པ་,2,0.042471862391165856
ང,2,0.042471862391165856
ཨ་མ་,2,0.042471862391165856
སྐལ་བཟང་,2,0.042471862391165856
དཔག་མེད་,2,0.042471862391165856
ཡུལ་མི་,2,0.042471862391165856
གཡང་,2,0.042471862391165856
འཛོམས་,2,0.042471862391165856
དུ་ཡོད་པ,2,0.042471862391165856
ཞབས་རྗེས་,2,0.042471862391165856
རྟོགས་པ་,2,0.042471862391165856
ལྡན་པ་,2,0.042471862391165856
སྤྲུལ་སྐུ,2,0.042471862391165856
རྫོགས་,2,0.042471862391165856
བརླབས་,2,0.042471862391165856
ཤིག་,2,0.042471862391165856
འབུལ་,2,0.042471862391165856
རྒྱབ་,2,0.042471862391165856
རྒྱ་མཚོ་,2,0.042471862391165856
རྒྱལ་སྲས་,2,0.042471862391165856
འདུག་པ,2,0.042471862391165856
ལྕགས་,2,0.042471862391165856
ལོ,2,0.042471862391165856
གྲྭ་,2,0.042471862391165856
གདན་ས་,2,0.042471862391165856
གཤམ་,2,0.042471862391165856
ཚོགས་འདུ་,2,0.042471862391165856
རྩེ,2,0.042471862391165856
མཛད་སྒོ་,2,0.042471862391165856
ངང་,2,0.042471862391165856
བཅུ་གསུམ་,2,0.042471862391165856
མཐོ,2,0.042471862391165856
ཞར་,2,0.042471862391165856
༡༡,2,0.042471862391165856
པ,2,0.042471862391165856
གླེ་,2,0.042471862391165856
གནམ་གྲུ་,2,0.042471862391165856
༸བ་,2,0.042471862391165856
བློན་པོ,2,0.042471862391165856
གསུང་,2,0.042471862391165856
རྒྱལ་ས་,2,0.042471862391165856
རུ་,2,0.042471862391165856
རང་ཡུལ་,2,0.042471862391165856
སྤྱི་ཚོགས་,2,0.042471862391165856
བཀའ་སློབ་,2,0.042471862391165856
ཕག་རི,2,0.042471862391165856
ནས་ཆུ་,2,0.042471862391165856
འབྱོར,2,0.042471862391165856
ཕོ་བྲང་པོ་,2,0.042471862391165856
ཏ་ལ,2,0.042471862391165856
དགོན་སྡེ་,2,0.042471862391165856
འབྲས་,2,0.042471862391165856
རྒྱུན་,2,0.042471862391165856
བསུ་བ་,2,0.042471862391165856
རྒྱས་པ་,2,0.042471862391165856
༡༥,2,0.042471862391165856
ཟུང་,2,0.042471862391165856
ཚབ་,2,0.042471862391165856
གདན་,2,0.042471862391165856
ཇ་,2,0.042471862391165856
གསུང་ཆོས་,2,0.042471862391165856
བཤད་,2,0.042471862391165856
རིགས་,2,0.042471862391165856
ལྕང་,2,0.042471862391165856
མཁན་ཆེན་,2,0.042471862391165856
མཛོད,2,0.042471862391165856
ཆ་,2,0.042471862391165856
ཡ་,2,0.042471862391165856
བཞི,2,0.042471862391165856
བྲག་ཕུག་,2,0.042471862391165856
མར་,2,0.042471862391165856
རྒྱལ་བ,2,0.042471862391165856
བཀའ་འགྱུར་,2,0.042471862391165856
མ་ཎི་,2,0.042471862391165856
དབང་ཆེན་,2,0.042471862391165856
རོང་,2,0.042471862391165856
གསུམ,2,0.042471862391165856
འགྲོལ་,2,0.042471862391165856
ཁྲི་པ་,2,0.042471862391165856
ཚར་,2,0.042471862391165856
༸རྒྱལ་བ་,2,0.042471862391165856
བདེ་,2,0.042471862391165856
འཇིགས་,2,0.042471862391165856
མདོར་ན་,2,0.042471862391165856
ད་དུང་,2,0.042471862391165856
འདུན་པ་,2,0.042471862391165856
རྒྱལ་,2,0.042471862391165856
ཕྱི་,2,0.042471862391165856
རོ་,2,0.042471862391165856
ལ་དྭགས་པ་,2,0.042471862391165856
ཐང་,2,0.042471862391165856
འབྲིང་,2,0.042471862391165856
བཀའ་ལུང་,2,0.042471862391165856
བདུད་རྩི,2,0.042471862391165856
འཚིམས་པ,2,0.042471862391165856
གཏེར་མཛོད་,2,0.042471862391165856
ཞུས་པ་,2,0.042471862391165856
གནང་བ་,2,0.042471862391165856
༸ཆོས་,2,0.042471862391165856
༡༠,2,0.042471862391165856
ཚང་མ,2,0.042471862391165856
ཁྱེད་,2,0.042471862391165856
ཆེ,2,0.042471862391165856
བྱུང་ཚུལ་,2,0.042471862391165856
རྡོ,2,0.042471862391165856
ལྷོ་ཁ,2,0.042471862391165856
མོས་གུས་,2,0.042471862391165856
ངོས་,2,0.042471862391165856
གུ་རུ་,2,0.042471862391165856
མཇལ་བ,2,0.042471862391165856
སྨོན་ལམ་,2,0.042471862391165856
གྲངས་,2,0.042471862391165856
མྱོང་,2,0.042471862391165856
ཕྱེས་པ,2,0.042471862391165856
སེམས་ཅན་,2,0.042471862391165856
མེ་ལོང་,2,0.042471862391165856
བརྩམས་,2,0.042471862391165856
ཡོད་པ,2,0.042471862391165856
རང་བྱོན་,2,0.042471862391165856
མ་ཟད་,2,0.042471862391165856
ཞི་བ་,2,0.042471862391165856
ལྷ་འདྲེ་,2,0.042471862391165856
འདུ་བ,2,0.042471862391165856
བཏོན་,2,0.042471862391165856
སྲིད་,2,0.042471862391165856
སྤྱི་,2,0.042471862391165856
མཐའ་མ་,2,0.042471862391165856
འགྲོ་བ་,2,0.042471862391165856
ཆ,2,0.042471862391165856
༢༠༢༣,2,0.042471862391165856
༥,2,0.042471862391165856
ཆོས་དབྱིངས་,2,0.042471862391165856
མོ,2,0.042471862391165856
འདོད་,2,0.042471862391165856
དུ་མ་,2,0.042471862391165856
འཐིམས་,2,0.042471862391165856
རེ་བ་,2,0.042471862391165856
ཀྱིས,2,0.042471862391165856
བྲལ་,2,0.042471862391165856
ཕྱིར,2,0.042471862391165856
ཐུགས་བསྐྱེད་,2,0.042471862391165856
ཟླ་,2,0.042471862391165856
དགེ,2,0.042471862391165856
གདུང་བ,2,0.042471862391165856
མན,2,0.042471862391165856
བྱེད་པོ,2,0.042471862391165856
རྐན་,2,0.042471862391165856
དེབ་,2,0.042471862391165856
བྱས་པ་,2,0.042471862391165856
ཀོང་པོ,1,0.021235931195582928
དར་རྒྱས་,1,0.021235931195582928
སྒོར་,1,0.021235931195582928
ནས་རྒྱལ་དབང་,1,0.021235931195582928
བུམ་པ་,1,0.021235931195582928
བྱོའི་,1,0.021235931195582928
ཙ་རི,1,0.021235931195582928
སྒྲུབ་པ་,1,0.021235931195582928
ཡུན་རིང་,1,0.021235931195582928
རྟོགས་པ,1,0.021235931195582928
ཐུགས་,1,0.021235931195582928
གང་དེ,1,0.021235931195582928
དབུ་སྐྲ་,1,0.021235931195582928
བཏབ་པ་,1,0.021235931195582928
རྒྱ་མེན་,1,0.021235931195582928
སྡོང་པོ་,1,0.021235931195582928
གྲུབ་རྟགས་,1,0.021235931195582928
མངའ་བ་,1,0.021235931195582928
ཁ,1,0.021235931195582928
རི་ཁྲོད་,1,0.021235931195582928
ཀོང་,1,0.021235931195582928
འབྱུང་གནས་,1,0.021235931195582928
སྤྲུལ་པ་,1,0.021235931195582928
ང་,1,0.021235931195582928
ཡི་,1,0.021235931195582928
དངོས་སློབ་,1,0.021235931195582928
ཧཱུྃ་,1,0.021235931195582928
ཀཱ་,1,0.021235931195582928
ལུང་བསྟན,1,0.021235931195582928
བེ་,1,0.021235931195582928
རིལ་,1,0.021235931195582928
ཞབས་དྲུང་,1,0.021235931195582928
བཏགས་,1,0.021235931195582928
མདོ་ཁམས་,1,0.021235931195582928
དགོན,1,0.021235931195582928
དགོན་པ,1,0.021235931195582928
རྒྱ་ཆེན་པོ,1,0.021235931195582928
གསུམ་པ་,1,0.021235931195582928
གྲགས་པ,1,0.021235931195582928
ཆོས་འཁོར་,1,0.021235931195582928
བྱམས་པ་,1,0.021235931195582928
ཉམས་གསོ་,1,0.021235931195582928
བརྟེན་པ,1,0.021235931195582928
བཞེངས་,1,0.021235931195582928
བཞི་པ་,1,0.021235931195582928
རུར་,1,0.021235931195582928
ཏེ་༸སྐྱབས་,1,0.021235931195582928
འཕགས་པ་,1,0.021235931195582928
སྤྱན་རས་,1,0.021235931195582928
ནས་འབྲི་གུང་,1,0.021235931195582928
རང་ལུགས་,1,0.021235931195582928
སྐྱོབ་པ,1,0.021235931195582928
ཆོས,1,0.021235931195582928
དབང,1,0.021235931195582928
མདོ་,1,0.021235931195582928
མཆོག,1,0.021235931195582928
ཀྱཻ་,1,0.021235931195582928
རྡོར,1,0.021235931195582928
ཀུན་རིག,1,0.021235931195582928
གཙུག་,1,0.021235931195582928
གུ་,1,0.021235931195582928
རྒྱ་མཚོ,1,0.021235931195582928
བསམ་,1,0.021235931195582928
མཁས་པ་,1,0.021235931195582928
རིག་གནས་,1,0.021235931195582928
སྙན་ངག,1,0.021235931195582928
ཡང་རྩེ,1,0.021235931195582928
སྐུ་བསོད་,1,0.021235931195582928
མངའ་ཐང་,1,0.021235931195582928
གཞིས་ཀ,1,0.021235931195582928
རི་རྩེ,1,0.021235931195582928
སྒྲུབ་ཁང་,1,0.021235931195582928
ཡང་རྩེ་,1,0.021235931195582928
བཏབས,1,0.021235931195582928
བཙུན་མ་,1,0.021235931195582928
བཅུ་,1,0.021235931195582928
སྔོན་འགྲོ,1,0.021235931195582928
ཉམས་ལེན་,1,0.021235931195582928
ལག་ལེན་,1,0.021235931195582928
ལྔ་པ་,1,0.021235931195582928
མང་ར,1,0.021235931195582928
བག་,1,0.021235931195582928
དྲོ་,1,0.021235931195582928
སྙེ་མོ་,1,0.021235931195582928
ཤེལ་དཀར་,1,0.021235931195582928
ཉི་ཤུ,1,0.021235931195582928
དྲུག་པ་,1,0.021235931195582928
ཤར་པ་,1,0.021235931195582928
ཞིང་༸སྐྱབས་,1,0.021235931195582928
རྫོགས་པ་,1,0.021235931195582928
དཔེ་ཁྲིད་,1,0.021235931195582928
གསན,1,0.021235931195582928
རྟའུ་,1,0.021235931195582928
ཤག་,1,0.021235931195582928
རམ་,1,0.021235931195582928
བསྐོ་གཞག་་,1,0.021235931195582928
འཕེལ་བ,1,0.021235931195582928
གྲགས་,1,0.021235931195582928
ཐུགས་མཉེས་པོ་,1,0.021235931195582928
གསེར་གདུང་,1,0.021235931195582928
བུ་སློབ་,1,0.021235931195582928
གཙོ་བོ,1,0.021235931195582928
བདུན་པ་,1,0.021235931195582928
ངག་དབང་,1,0.021235931195582928
དགེ་ལེགས་,1,0.021235931195582928
གད་,1,0.021235931195582928
ཆོས་ཉིད་,1,0.021235931195582928
ཉེར་,1,0.021235931195582928
ཕེབས་པ,1,0.021235931195582928
ལམ་,1,0.021235931195582928
ཚད་པ,1,0.021235931195582928
རྐྱེན་,1,0.021235931195582928
བྱས་,1,0.021235931195582928
འདྲ་སྐུ་,1,0.021235931195582928
དབུས་,1,0.021235931195582928
རྙིང་པ,1,0.021235931195582928
ཚོགས་ཁང་,1,0.021235931195582928
དུའང་,1,0.021235931195582928
སྐུ་ན་,1,0.021235931195582928
རྒྱལ་མཚན,1,0.021235931195582928
ཏོག་,1,0.021235931195582928
དགུ་པོ་པ་,1,0.021235931195582928
ཀློག་,1,0.021235931195582928
ཆོས་སྤྱོད་,1,0.021235931195582928
སྦྱང་བརྩོན་,1,0.021235931195582928
ཐུགས་རྗེ་,1,0.021235931195582928
སྟེ་,1,0.021235931195582928
དམ་ཆོས་,1,0.021235931195582928
འགྱུར་མེད་,1,0.021235931195582928
ཅེས་,1,0.021235931195582928
བསྙེན་རྫོགས་,1,0.021235931195582928
བསྒྲུབས་,1,0.021235931195582928
སོ་ཐར་,1,0.021235931195582928
འདུལ་ཁྲིམས་,1,0.021235931195582928
མིག་འབྲས་,1,0.021235931195582928
བསྲུངས་པ་,1,0.021235931195582928
ཇི་སྙེད་པ་,1,0.021235931195582928
དད་གུས་,1,0.021235931195582928
ཡང་ན,1,0.021235931195582928
སྡེ་པ་,1,0.021235931195582928
བར་མ་,1,0.021235931195582928
གཏོགས་,1,0.021235931195582928
ཆོག་,1,0.021235931195582928
བློ་,1,0.021235931195582928
ཕམ,1,0.021235931195582928
སྐུ་གསུང་ཐུགས་,1,0.021235931195582928
འབུལ་བ་,1,0.021235931195582928
མ་འོངས་པ་,1,0.021235931195582928
འཁོད་པ,1,0.021235931195582928
འདུན་,1,0.021235931195582928
འཚོ,1,0.021235931195582928
ཕྱག་དམ་,1,0.021235931195582928
ཟབ་མོ་,1,0.021235931195582928
མང་པོ་,1,0.021235931195582928
སྟོད་ཕྱོགས་,1,0.021235931195582928
གསལ་བྱེད་,1,0.021235931195582928
སྤྱིར་,1,0.021235931195582928
དུལ་,1,0.021235931195582928
སེམས་དཔ,1,0.021235931195582928
སྤྱོད་པ་,1,0.021235931195582928
ཕུན་སུམ་,1,0.021235931195582928
ཚོགས་པ་,1,0.021235931195582928
མངའ་བ,1,0.021235931195582928
འཚམས་,1,0.021235931195582928
འཁོར་ལོ་,1,0.021235931195582928
བདེ་མཆོག་,1,0.021235931195582928
དྲིལ་བུ་,1,0.021235931195582928
སྒྲུབ་མཆོད་,1,0.021235931195582928
དྲུག་ཅུ་,1,0.021235931195582928
སྐུ་གཤེགས་,1,0.021235931195582928
དུང་,1,0.021235931195582928
རྒྱ་གླིང་,1,0.021235931195582928
སྒྲ་དབྱངས་,1,0.021235931195582928
སྙན་པོ་,1,0.021235931195582928
སྐུ་ཕུང་,1,0.021235931195582928
གཞུགས་,1,0.021235931195582928
དུ་བ་,1,0.021235931195582928
དཀར་པོ་,1,0.021235931195582928
ཤར་ཕྱོགས་,1,0.021235931195582928
མཐུག་པོ་,1,0.021235931195582928
བསྟན,1,0.021235931195582928
གཤེགས་པ་,1,0.021235931195582928
འབྱུང་,1,0.021235931195582928
བཅུ་དྲུག་པ,1,0.021235931195582928
ནང་ཚན་,1,0.021235931195582928
ས་ཕོ་,1,0.021235931195582928
སྟག་,1,0.021235931195582928
ལོ་ཟླ་,1,0.021235931195582928
ཉི་ཤར་,1,0.021235931195582928
༡༩༣༨,1,0.021235931195582928
༡༣,1,0.021235931195582928
ཁོངས་,1,0.021235931195582928
གནམ་སྒོ་,1,0.021235931195582928
ཁྱིམ་་,1,0.021235931195582928
ཁང་,1,0.021235931195582928
མིང་,1,0.021235931195582928
གོང་མ་པ་,1,0.021235931195582928
ཁྱིམ་ཚང་,1,0.021235931195582928
ཡབ་,1,0.021235931195582928
ཁྱིམ་ནང་,1,0.021235931195582928
ཁེངས་,1,0.021235931195582928
མཚོན་,1,0.021235931195582928
འཁྲིགས་པ་,1,0.021235931195582928
དུས་བྱ་,1,0.021235931195582928
རྒོད་,1,0.021235931195582928
ཐང་དཀར་,1,0.021235931195582928
གཡས་སྐོར་,1,0.021235931195582928
བསྐོར་བ,1,0.021235931195582928
མགོན་པོ་,1,0.021235931195582928
ཞི་,1,0.021235931195582928
མ་བུ་,1,0.021235931195582928
སྲུང་སྐྱོབ་,1,0.021235931195582928
བྱེད་པ,1,0.021235931195582928
མངོན,1,0.021235931195582928
བཞད,1,0.021235931195582928
གླིང་པ,1,0.021235931195582928
ཐང་ལ,1,0.021235931195582928
བཞིན,1,0.021235931195582928
དམངས་རིགས་,1,0.021235931195582928
སྐྱེ,1,0.021235931195582928
ལྷུམས་,1,0.021235931195582928
བུབ,1,0.021235931195582928
སྐུ་བལྟམས་,1,0.021235931195582928
ཕྱེ,1,0.021235931195582928
འཆི་བ,1,0.021235931195582928
འགྱུར,1,0.021235931195582928
ལྟར,1,0.021235931195582928
ར་མ,1,0.021235931195582928
སྐུ་མདུན་,1,0.021235931195582928
ཁྱད་མེད་,1,0.021235931195582928
སྐྱེས་པ,1,0.021235931195582928
བཅུག་,1,0.021235931195582928
གོང་མ་པ,1,0.021235931195582928
མཐོན་པོ་,1,0.021235931195582928
སྲིད,1,0.021235931195582928
ཆུང་བ་,1,0.021235931195582928
གང་ཡིན་,1,0.021235931195582928
སྨྲ་,1,0.021235931195582928
རོ,1,0.021235931195582928
གཉེན་,1,0.021235931195582928
ཞོ་,1,0.021235931195582928
ཨ་ནེ་,1,0.021235931195582928
ལག་,1,0.021235931195582928
སྨྲ,1,0.021235931195582928
ལོངས་སྤྱོད་,1,0.021235931195582928
སྔར་,1,0.021235931195582928
ལྷག་པར་,1,0.021235931195582928
འཕེལ་,1,0.021235931195582928
སྐྱིད་པ,1,0.021235931195582928
ཁང་པ,1,0.021235931195582928
འགྲམ་,1,0.021235931195582928
རྡོ་བ,1,0.021235931195582928
གཡོན་མ,1,0.021235931195582928
བྱུང་བ,1,0.021235931195582928
ད་ལྟ་,1,0.021235931195582928
སྒྲུབ་བརྒྱུད་,1,0.021235931195582928
བསྐོ་,1,0.021235931195582928
བཞག་,1,0.021235931195582928
རྡོ་,1,0.021235931195582928
ནས་སྔ་དྲོ་,1,0.021235931195582928
རྨི་ལམ་,1,0.021235931195582928
གཟིགས་ཚུལ་,1,0.021235931195582928
གོང་མ་ཚང་,1,0.021235931195582928
མདུན་,1,0.021235931195582928
ཤོག་,1,0.021235931195582928
ངས་,1,0.021235931195582928
འཁྲུས་,1,0.021235931195582928
དང་ཨ་ནེ་,1,0.021235931195582928
ཁུར་,1,0.021235931195582928
དུས་ཡུན་,1,0.021235931195582928
གསུངས,1,0.021235931195582928
དང་པོ,1,0.021235931195582928
བླ་མ,1,0.021235931195582928
བགྲངས་,1,0.021235931195582928
ལོན་པ,1,0.021235931195582928
བ་ཀུ་ལ་,1,0.021235931195582928
མཚན་ཐུབ་,1,0.021235931195582928
ཁོང་,1,0.021235931195582928
ཁྱད་པར་ཅན་,1,0.021235931195582928
བསྩལ,1,0.021235931195582928
༡༩༤༠,1,0.021235931195582928
འབྲུག་,1,0.021235931195582928
བརྒྱད་པ,1,0.021235931195582928
ཕྱག་རྒྱ,1,0.021235931195582928
གཟི་འོད་,1,0.021235931195582928
འབར་བ་,1,0.021235931195582928
ཕྱག་མཆོད་,1,0.021235931195582928
སྦྱིན་པ་,1,0.021235931195582928
ཟེར་བ་,1,0.021235931195582928
སྐུ་ཚ་,1,0.021235931195582928
ཁུལ,1,0.021235931195582928
ལས་སྣེ་,1,0.021235931195582928
སྟོད་,1,0.021235931195582928
སྦྱིན་བདག་,1,0.021235931195582928
ཚུགས,1,0.021235931195582928
བླ་བྲང་,1,0.021235931195582928
བསྐོས་,1,0.021235931195582928
དཔོན་པོ་,1,0.021235931195582928
ཁག,1,0.021235931195582928
འགོ་འཛིན་,1,0.021235931195582928
ཧེ་,1,0.021235931195582928
མི,1,0.021235931195582928
ལྕེ་བདེ,1,0.021235931195582928
སྤྲོ,1,0.021235931195582928
འཁྲིག་,1,0.021235931195582928
ཀླུ་,1,0.021235931195582928
འཁྱིལ,1,0.021235931195582928
རི་རྫོང་,1,0.021235931195582928
མཇལ་དར་,1,0.021235931195582928
རྣམ་པ,1,0.021235931195582928
ཀློག,1,0.021235931195582928
ཆོས་སྤྱོད,1,0.021235931195582928
ཕྱག་ལེན་,1,0.021235931195582928
སྦྱངས་པ་,1,0.021235931195582928
ཐོག་མ,1,0.021235931195582928
༡༩༥༡,1,0.021235931195582928
ཆུ་འབྲུག་,1,0.021235931195582928
རྒྱལ་པོ,1,0.021235931195582928
རྡར་,1,0.021235931195582928
ཧཱ་,1,0.021235931195582928
སད་,1,0.021235931195582928
ཚིགས་,1,0.021235931195582928
འདེགས་,1,0.021235931195582928
སྐུ་པ,1,0.021235931195582928
བསྒྲོན་པ,1,0.021235931195582928
ཤེཁ་,1,0.021235931195582928
མོཧཱ་,1,0.021235931195582928
མད་,1,0.021235931195582928
ཨབ་,1,0.021235931195582928
ཤེར་,1,0.021235931195582928
དོན་རྩ,1,0.021235931195582928
བསྒྱུར་བ,1,0.021235931195582928
སྐུ་ཞབས་,1,0.021235931195582928
ཨཾ་,1,0.021235931195582928
རིཊ་,1,0.021235931195582928
དིལླིར་,1,0.021235931195582928
བློན་ཆེན་,1,0.021235931195582928
པཎྜིཏ་,1,0.021235931195582928
ནེཧ་,1,0.021235931195582928
ས་གང་,1,0.021235931195582928
ཆོས་ཕྱོགས་,1,0.021235931195582928
སནཅིའི་,1,0.021235931195582928
མཆོད་རྟེན་,1,0.021235931195582928
གནམ་གཤིས་,1,0.021235931195582928
དྭངས་,1,0.021235931195582928
བླ་བྲེ་,1,0.021235931195582928
འཇའ་གུར་,1,0.021235931195582928
སེམས་,1,0.021235931195582928
ངེས་འབྱུང་,1,0.021235931195582928
སྐྱེས་,1,0.021235931195582928
སྒོ་གསུམ་,1,0.021235931195582928
ཉོན་མོངས་,1,0.021235931195582928
ཇཱནྟ་,1,0.021235931195582928
ལེ་,1,0.021235931195582928
ཕུག་པ་,1,0.021235931195582928
ལྷོ་ཕྱོགས་,1,0.021235931195582928
རི་བོ་,1,0.021235931195582928
འདུས་,1,0.021235931195582928
དྲང་སྲོང་,1,0.021235931195582928
ཏྲིའི་,1,0.021235931195582928
རིམ་བཞིན་,1,0.021235931195582928
ཀོལ་,1,0.021235931195582928
ཀཏྟཱ་,1,0.021235931195582928
བཀའ་བློན་,1,0.021235931195582928
སྦུག,1,0.021235931195582928
ཏོག,1,0.021235931195582928
ཡམ་,1,0.021235931195582928
འབྲོག,1,0.021235931195582928
གམ་པ་ལ་,1,0.021235931195582928
སྦྲུལ་ཟླ་བ་,1,0.021235931195582928
༦,1,0.021235931195582928
རྒྱལ་ས,1,0.021235931195582928
ལྷ་ས,1,0.021235931195582928
༨,1,0.021235931195582928
་,1,0.021235931195582928
ཇོ་བོ་,1,0.021235931195582928
ཤཱཀྱ་,1,0.021235931195582928
མུ་ནི་,1,0.021235931195582928
མར་མེ་,1,0.021235931195582928
སྟོང་མཆོད་,1,0.021235931195582928
ཕུལ་བ,1,0.021235931195582928
གཟིགས་པ་,1,0.021235931195582928
བཅུ་བཞི་པ་,1,0.021235931195582928
ཞལ་མཇལ,1,0.021235931195582928
སེ་ར་,1,0.021235931195582928
སྤུངས་,1,0.021235931195582928
བཞི་,1,0.021235931195582928
དང་ལ་,1,0.021235931195582928
དྭགས་པ,1,0.021235931195582928
འོག་,1,0.021235931195582928
ཐོབ,1,0.021235931195582928
གོ་གནས་,1,0.021235931195582928
འབོལ་གདན་,1,0.021235931195582928
བརྩེགས,1,0.021235931195582928
རྒྱབ་ཡོལ,1,0.021235931195582928
ཁྲི་ལྕོག་,1,0.021235931195582928
སྔོན་དུས་,1,0.021235931195582928
མཐུན་པ,1,0.021235931195582928
བཞེས་,1,0.021235931195582928
བཏེགས་,1,0.021235931195582928
གྲུབ,1,0.021235931195582928
གནས་སྐོར་,1,0.021235931195582928
ཤིང་རྟ་,1,0.021235931195582928
༩,1,0.021235931195582928
༡༩༥༤,1,0.021235931195582928
སྒྲ་,1,0.021235931195582928
ལྕང་ར,1,0.021235931195582928
སྒྲིག་,1,0.021235931195582928
དགེ་བ,1,0.021235931195582928
བཤེས་གཉེན་,1,0.021235931195582928
མཁན་,1,0.021235931195582928
ཨམ་,1,0.021235931195582928
སྤྱོད་འཇུག,1,0.021235931195582928
བཤེས་,1,0.021235931195582928
སྤྲིང,1,0.021235931195582928
དབུ་མ་,1,0.021235931195582928
དྲུག,1,0.021235931195582928
བྱམས་,1,0.021235931195582928
ཆོས་སྡེ་,1,0.021235931195582928
སྦྱངས,1,0.021235931195582928
ཕར་ཕྱིན,1,0.021235931195582928
མངོན་,1,0.021235931195582928
མངོན་པ་,1,0.021235931195582928
ཀུན་བཏུས,1,0.021235931195582928
འདུལ་བ་,1,0.021235931195582928
ཚང,1,0.021235931195582928
སྙིང་ཐིག་,1,0.021235931195582928
རྒྱུད,1,0.021235931195582928
སུམ་,1,0.021235931195582928
དགེ་སློང་,1,0.021235931195582928
དབྱངས་,1,0.021235931195582928
༸སྐྱོབ་པ,1,0.021235931195582928
གྲུབ་,1,0.021235931195582928
ཟངས་,1,0.021235931195582928
གཡབ་,1,0.021235931195582928
པོ་ཏི་,1,0.021235931195582928
བཅུ་གཉིས,1,0.021235931195582928
ཀློང་ཆེན་,1,0.021235931195582928
མཛོད་,1,0.021235931195582928
བདུན,1,0.021235931195582928
དག་པོ,1,0.021235931195582928
མགུར་,1,0.021235931195582928
བ་,1,0.021235931195582928
ཆོ་ག,1,0.021235931195582928
བསྐངས་,1,0.021235931195582928
བསྐྱབས,1,0.021235931195582928
གྱ་,1,0.021235931195582928
མགོན་པོ,1,0.021235931195582928
ངལ་གསོ་,1,0.021235931195582928
ཁམ་,1,0.021235931195582928
འདོད་འཇོ,1,0.021235931195582928
བཟང་,1,0.021235931195582928
པ་,1,0.021235931195582928
འཁོར་ལོ,1,0.021235931195582928
ཡོངས་རྫོགས,1,0.021235931195582928
གོང་ས་,1,0.021235931195582928
དགའ་ལྡན་,1,0.021235931195582928
བརྒྱ་,1,0.021235931195582928
གཞི་,1,0.021235931195582928
ཎིའི་,1,0.021235931195582928
བཅས་པ་,1,0.021235931195582928
དབྱིངས་,1,0.021235931195582928
ཐུབ་དབང་,1,0.021235931195582928
གདན་པ,1,0.021235931195582928
དགེ་འདུན་པ,1,0.021235931195582928
ཕོ་བ་,1,0.021235931195582928
ཁྲི་སྐོར་,1,0.021235931195582928
མཚན་སྙན་གྲགས་,1,0.021235931195582928
དགུ,1,0.021235931195582928
མཐ,1,0.021235931195582928
ཕྱིན་པ་,1,0.021235931195582928
ཞུ་བ,1,0.021235931195582928
རྒྱ་དམར་,1,0.021235931195582928
བཙན་དབང་,1,0.021235931195582928
ཐུབ་,1,0.021235931195582928
མེད,1,0.021235931195582928
༡༩༥༩,1,0.021235931195582928
ས་ཕག་,1,0.021235931195582928
༡༩,1,0.021235931195582928
རླང་,1,0.021235931195582928
འཁོར་,1,0.021235931195582928
རིམ་པ,1,0.021235931195582928
ཕུག་,1,0.021235931195582928
སྒོ་མོ་,1,0.021235931195582928
ལྷུན་པོ,1,0.021235931195582928
གྲོ་མོ,1,0.021235931195582928
མཐོ་,1,0.021235931195582928
ཀིམ་,1,0.021235931195582928
༧,1,0.021235931195582928
གཉེར་,1,0.021235931195582928
ཚེ་རིང,1,0.021235931195582928
མ་ཆེན་,1,0.021235931195582928
སྟོན་འཁོར་,1,0.021235931195582928
ལྷན་རྒྱས་,1,0.021235931195582928
དགའ་སྤྲོ,1,0.021235931195582928
གཡུ་,1,0.021235931195582928
སྐྲ་,1,0.021235931195582928
མཇལ,1,0.021235931195582928
ཉ་,1,0.021235931195582928
དགེ་,1,0.021235931195582928
བསམ་གཏན་,1,0.021235931195582928
འབྱོར་,1,0.021235931195582928
༢༥,1,0.021235931195582928
གནས་མཆོག་,1,0.021235931195582928
ཝ་,1,0.021235931195582928
རཱ་,1,0.021235931195582928
ཎཱ་,1,0.021235931195582928
བྱི་,1,0.021235931195582928
༡༩༦༠,1,0.021235931195582928
༤,1,0.021235931195582928
མཁྱེན་པ་,1,0.021235931195582928
ཉམས་རྒུད་,1,0.021235931195582928
མིན་,1,0.021235931195582928
ཞིབ་པ,1,0.021235931195582928
སྙན་སེང་,1,0.021235931195582928
སྐྱ་སེར་,1,0.021235931195582928
ཕེབས་བསུ་,1,0.021235931195582928
སླར་ཡང་,1,0.021235931195582928
གནམ་,1,0.021235931195582928
རྗེ་བ་,1,0.021235931195582928
མི་དཔོན་,1,0.021235931195582928
སེར་སྐྱ་,1,0.021235931195582928
ཆིབས་བསུ་,1,0.021235931195582928
རྟ་པ་,1,0.021235931195582928
ཉིས་,1,0.021235931195582928
བརྒྱ,1,0.021235931195582928
གདོང་,1,0.021235931195582928
བཏེགས་པ,1,0.021235931195582928
དམིགས་བསལ་,1,0.021235931195582928
སྟོང་ཚོ་,1,0.021235931195582928
གནང་བ,1,0.021235931195582928
འཛུགས་,1,0.021235931195582928
ཆོས་སྲུང་,1,0.021235931195582928
དགོངས་གཏེར,1,0.021235931195582928
ཟབ་ཞི་,1,0.021235931195582928
ཁྲོ,1,0.021235931195582928
དབང་ཆེན,1,0.021235931195582928
ཤོག་བུ་,1,0.021235931195582928
དྲུག་,1,0.021235931195582928
ཆུ་ཤུལ་,1,0.021235931195582928
གཉིས,1,0.021235931195582928
ཇོ་ཁང་,1,0.021235931195582928
ཡུལ་གྲུ་,1,0.021235931195582928
ཕལ་ཆེ་བ,1,0.021235931195582928
བཛྲ་,1,0.021235931195582928
གུ་རུ,1,0.021235931195582928
ལྷག་མེད,1,0.021235931195582928
ནས་ཞིང་,1,0.021235931195582928
སྨོས་པ,1,0.021235931195582928
དཀའ་བ་,1,0.021235931195582928
སོ་,1,0.021235931195582928
མེ་,1,0.021235931195582928
ཁྱི་ལོ་,1,0.021235931195582928
༡༩༤༥,1,0.021235931195582928
ཚང་མ་,1,0.021235931195582928
གང་ཅི,1,0.021235931195582928
ཡར་,1,0.021235931195582928
ཡང་སྒོས་,1,0.021235931195582928
ལྟ་བུ,1,0.021235931195582928
ཡིད་ཆེས་,1,0.021235931195582928
གཡོ་བ་,1,0.021235931195582928
བརྟེན་,1,0.021235931195582928
འདུ་ཁང་,1,0.021235931195582928
གནས་རི་,1,0.021235931195582928
དགའ་བ་,1,0.021235931195582928
བརྟས,1,0.021235931195582928
ཕཎ་,1,0.021235931195582928
ཤློཀ་,1,0.021235931195582928
གཡེངས་,1,0.021235931195582928
མཁའ་འགྲོ་,1,0.021235931195582928
དར་དཀར་,1,0.021235931195582928
ཡོལ་བ་,1,0.021235931195582928
མོད་,1,0.021235931195582928
ཞལ་,1,0.021235931195582928
དམ་,1,0.021235931195582928
སྐྱེ་བ,1,0.021235931195582928
པུས་,1,0.021235931195582928
ནུབ་,1,0.021235931195582928
ཙམ་་,1,0.021235931195582928
ནུབ་བྱང་,1,0.021235931195582928
སེང་དཀར་,1,0.021235931195582928
མོ་,1,0.021235931195582928
ལྷ་ཆེན་,1,0.021235931195582928
ནང་གསལ་,1,0.021235931195582928
ཕུ་,1,0.021235931195582928
དཀ,1,0.021235931195582928
གྲོལ་བ་,1,0.021235931195582928
འགྲོལ་བ,1,0.021235931195582928
ཆེད་,1,0.021235931195582928
གསལ,1,0.021235931195582928
ཡུལ་ལུང་,1,0.021235931195582928
སྒོ་ཚད་,1,0.021235931195582928
རྒྱུད་,1,0.021235931195582928
སྐྱིད་,1,0.021235931195582928
པར་སྤྱི་,1,0.021235931195582928
༢༠༠༦,1,0.021235931195582928
ཆུ་ཟླ,1,0.021235931195582928
གཟིགས་པ,1,0.021235931195582928
ཞུ,1,0.021235931195582928
མཆོད་ཆས་,1,0.021235931195582928
མཆོད་རྫས་,1,0.021235931195582928
ལང་,1,0.021235931195582928
མདོ,1,0.021235931195582928
དམ་ཅན་,1,0.021235931195582928
ཨ་ཕྱི,1,0.021235931195582928
ཕུད་,1,0.021235931195582928
ཕོ་བྲང་,1,0.021235931195582928
བྷྲུཾ་,1,0.021235931195582928
ཏི་,1,0.021235931195582928
རྩེ་,1,0.021235931195582928
ཆུ་མིག་,1,0.021235931195582928
ཡན་ལག་,1,0.021235931195582928
ཆུ་གཏེར་,1,0.021235931195582928
བརྟོལ་བ,1,0.021235931195582928
དྭངས་མ་,1,0.021235931195582928
བཞིན་པ་,1,0.021235931195582928
ཧ་,1,0.021235931195582928
ནུ་,1,0.021235931195582928
བྲག་རི་,1,0.021235931195582928
རྦབ་རྡོ་,1,0.021235931195582928
བབས་,1,0.021235931195582928
འཇིགས་སྣང་,1,0.021235931195582928
བཞད་,1,0.021235931195582928
བགད་,1,0.021235931195582928
ད་,1,0.021235931195582928
ཕྱིན་ཆད་,1,0.021235931195582928
ཡོང་,1,0.021235931195582928
ད་བར་,1,0.021235931195582928
རྦབ་རྡོ,1,0.021235931195582928
འཇིགས་པ་,1,0.021235931195582928
མེད་པ་,1,0.021235931195582928
ནང་པ་,1,0.021235931195582928
ཕྱི་པ,1,0.021235931195582928
ཆོས་བརྒྱུད་པ་,1,0.021235931195582928
ཧ་ལ,1,0.021235931195582928
དད་པ,1,0.021235931195582928
དེ་ལྟར་,1,0.021235931195582928
དཀོན་པ,1,0.021235931195582928
དཀོན་,1,0.021235931195582928
གདུག་པ་,1,0.021235931195582928
གནས་པ,1,0.021235931195582928
རང་ས,1,0.021235931195582928
གང་དེ་,1,0.021235931195582928
ཝཾ་,1,0.021235931195582928
མད,1,0.021235931195582928
དཔའ་བོ་,1,0.021235931195582928
གསུམ་པ,1,0.021235931195582928
དབྱེ,1,0.021235931195582928
བྱེད་པ་,1,0.021235931195582928
ཌེ་,1,0.021235931195582928
ཝེ་,1,0.021235931195582928
ལོབ་,1,0.021235931195582928
མེནཊ་,1,0.021235931195582928
གཞོན་པ་,1,0.021235931195582928
ཨེམ་,1,0.021235931195582928
ཨེལ་,1,0.021235931195582928
གཞོན་,1,0.021235931195582928
ཚད་,1,0.021235931195582928
ཇི་ལྟར་,1,0.021235931195582928
ཡོད་མེད་,1,0.021235931195582928
གང་ཉིད་,1,0.021235931195582928
ཧྲིལ་པོ་,1,0.021235931195582928
གཙུན་པ་,1,0.021235931195582928
རབ་བྱུང་,1,0.021235931195582928
མ་ཡིན་པ,1,0.021235931195582928
ཕབས་པ,1,0.021235931195582928
བསྟན་འགྲོ,1,0.021235931195582928
༢༤,1,0.021235931195582928
འཐིམས་པ,1,0.021235931195582928
དགེ་འདུན་པ་,1,0.021235931195582928
བསྐྱངས་,1,0.021235931195582928
སྟབས་,1,0.021235931195582928
ཐུབ,1,0.021235931195582928
འཚོ་བ,1,0.021235931195582928
སྨན་ཁང་,1,0.021235931195582928
རང་གནས་,1,0.021235931195582928
འཁོད་,1,0.021235931195582928
དབུས་པ,1,0.021235931195582928
རྣམ་པ་,1,0.021235931195582928
ལྷན་རྒྱས,1,0.021235931195582928
དཔོན་,1,0.021235931195582928
དབུགས་,1,0.021235931195582928
འཐིམ་,1,0.021235931195582928
བསྡུས་པ,1,0.021235931195582928
སྔགས་,1,0.021235931195582928
ཚིགས,1,0.021235931195582928
ཏདྱཐཱ,1,0.021235931195582928
པཉྩནྡྲི་,1,0.021235931195582928
ཨ་ཝ་བོ་,1,0.021235931195582928
དྷ་,1,0.021235931195582928
ཡེ་,1,0.021235931195582928
སྭཱ་,1,0.021235931195582928
ཧཱ,1,0.021235931195582928
ཚིག་,1,0.021235931195582928
ཕྱི་དབུགས་,1,0.021235931195582928
བརྟན་པོ,1,0.021235931195582928
ཁ་ཤས་,1,0.021235931195582928
བཞུགས་པ,1,0.021235931195582928
གྲོལ་བ,1,0.021235931195582928
འཇའ་འོད་,1,0.021235931195582928
ཉི་ཟེར་,1,0.021235931195582928
ཕུབ་,1,0.021235931195582928
གང་ཟག་,1,0.021235931195582928
སྨིན་,1,0.021235931195582928
ངེད་,1,0.021235931195582928
ཅག་,1,0.021235931195582928
འབྱོན་པ,1,0.021235931195582928
སྨོན་ཚིག་,1,0.021235931195582928
དགོས་པ་,1,0.021235931195582928
གལ་ཆེ་,1,0.021235931195582928
བས་མཛད་,1,0.021235931195582928
ཉིས་སྦྲགས་,1,0.021235931195582928
བཀོད་པ་,1,0.021235931195582928
རྗེས་སུ་པ,1,0.021235931195582928
ནང་ནོར་,1,0.021235931195582928
ཤས་,1,0.021235931195582928
བཅོས་བསྒྱུར་,1,0.021235931195582928
ཐ་ཤལ་བ,1,0.021235931195582928
ནུས་,1,0.021235931195582928
འབྱོན་,1,0.021235931195582928
ལྡན་པ,1,0.021235931195582928
འགྱུར་,1,0.021235931195582928
ཅིག,1,0.021235931195582928
གསོལ་འདེབས,1,0.021235931195582928
ཏཻ་,1,0.021235931195582928
ནཱ་,1,0.021235931195582928
དྭགས་པོ་,1,0.021235931195582928
ཕག་གྲུ་,1,0.021235931195582928
འཇིག་རྟེན་,1,0.021235931195582928
མགོན,1,0.021235931195582928
གདན་རབས་,1,0.021235931195582928
གསེར་,1,0.021235931195582928
ཕྲེང་བ,1,0.021235931195582928
བྱིན་རླབས་,1,0.021235931195582928
དེང་,1,0.021235931195582928
སྨོན་པ,1,0.021235931195582928
འབྲས་བུ,1,0.021235931195582928
བདེན་,1,0.021235931195582928
སྩོལ,1,0.021235931195582928
འཛིན་པ་,1,0.021235931195582928
དཀའ་སྤྱད་,1,0.021235931195582928
སྙིང་རུས་,1,0.021235931195582928
ཞུགས་,1,0.021235931195582928
གྲྭར་,1,0.021235931195582928
ཐོས་བསམ་,1,0.021235931195582928
དབང་པོ,1,0.021235931195582928
སོན་,1,0.021235931195582928
གུས་པ,1,0.021235931195582928
འདུད,1,0.021235931195582928
བའ་,1,0.021235931195582928
འི,1,0.021235931195582928
བཤད་སྒྲུབ་,1,0.021235931195582928
འབྲེལ་,1,0.021235931195582928
གྱིས,1,0.021235931195582928
ཐབས་མཁས་,1,0.021235931195582928
དཔའ་བ,1,0.021235931195582928
འདེབས,1,0.021235931195582928
རྡོ་རྗེ,1,0.021235931195582928
གཞོམ་,1,0.021235931195582928
བྱ,1,0.021235931195582928
མི་རྟག་,1,0.021235931195582928
སྟོན་པ,1,0.021235931195582928
ངང་ཚུལ་,1,0.021235931195582928
ན,1,0.021235931195582928
འང་,1,0.021235931195582928
ཡང་སྤྲུལ་,1,0.021235931195582928
བསླུ་མེད་,1,0.021235931195582928
སྒྲོན,1,0.021235931195582928
བསླུ་བ་,1,0.021235931195582928
བདེན་པ་,1,0.021235931195582928
སྲིད་མཐ,1,0.021235931195582928
བསྒྲེངས་པ,1,0.021235931195582928
བརླབས་པ,1,0.021235931195582928
ཀུན་བཟང་,1,0.021235931195582928
ཕྲིན་ལས་,1,0.021235931195582928
ལྷུན་གྲུབ་,1,0.021235931195582928
དྭང་བ,1,0.021235931195582928
བློ,1,0.021235931195582928
ཡོས་,1,0.021235931195582928
༢༩,1,0.021235931195582928
སྔ་དྲོ,1,0.021235931195582928
ན་མོ་,1,0.021235931195582928
ཡེ,1,0.021235931195582928
རྗེ,1,0.021235931195582928
མཆོག་ལྡན་,1,0.021235931195582928
དྲིན་ཅན་,1,0.021235931195582928
ཉིད,1,0.021235931195582928
བཞུད་,1,0.021235931195582928
གཟུགས་སྐུ་,1,0.021235931195582928
བསྐལ་,1,0.021235931195582928
གོམ་པ,1,0.021235931195582928
རླབས་ཆེན་,1,0.021235931195582928
བདག་ཅག་,1,0.021235931195582928
སློབ་འབངས་,1,0.021235931195582928
མཆོག་སྤྲུལ་,1,0.021235931195582928
ཉི་གཞོན་,1,0.021235931195582928
གསར་པ་,1,0.021235931195582928
འཆར་,1,0.021235931195582928
ཕྱོགས་མཐ,1,0.021235931195582928
གྱུར་ཅིག,1,0.021235931195582928
ཏཱ་ར་,1,0.021235931195582928
རྨོངས་རྒན་,1,0.021235931195582928
རཏྣས་,1,0.021235931195582928
གདུངས་,1,0.021235931195582928
བཏབ་བོ,1,0.021235931195582928
པར་སྐྲུན་,1,0.021235931195582928
ཚོགས,1,0.021235931195582928
རིག་,1,0.021235931195582928
༢༠༢༣པར་སྐྲུན་,1,0.021235931195582928
བཤད,1,0.021235931195582928
༸དཀོན་,1,0.021235931195582928
ཉིན་ཤ,1,0.021235931195582928
འབྲི་གུང་པ་,1,0.021235931195582928
བརྩམས་པ,1,0.021235931195582928
རྒྱལ་རབས་,1,0.021235931195582928
སྣང་,1,0.021235931195582928
གསར་པ,1,0.021235931195582928
རྩོམ་པ་པོ,1,0.021235931195582928
རྣམ་ཀུན་,1,0.021235931195582928
གསལ་མེ་,1,0.021235931195582928
ལོང་,1,0.021235931195582928
ལོ་རྒྱུས་,1,0.021235931195582928
ཕྲན་བུ་,1,0.021235931195582928
གླེ,1,0.021235931195582928
ཤེས་རིག་,1,0.021235931195582928
ས་པ,1,0.021235931195582928
འག,1,0.021235931195582928
བྲིས་,1,0.021235931195582928
བཞི་བ་,1,0.021235931195582928
གློག་,1,0.021235931195582928
ཀླད་,1,0.021235931195582928
བཀོད་,1,0.021235931195582928
མྱོང་ཚོར་,1,0.021235931195582928
ཉུང་བ་,1,0.021235931195582928
འབྲེལ་བ་,1,0.021235931195582928
དམ་པོ་,1,0.021235931195582928
གྲྭ་བ་,1,0.021235931195582928
རྒན་གྲས་,1,0.021235931195582928
ཞལ་ཆེམས་,1,0.021235931195582928
དངོས་ཤུགས་,1,0.021235931195582928
ཚོད་,1,0.021235931195582928
རིང་བ,1,0.021235931195582928
དྲྭ་,1,0.021235931195582928
ཐབས་ལམ་,1,0.021235931195582928
སྣ་ཚོགས་,1,0.021235931195582928
སླེབ་པ,1,0.021235931195582928
རེ་སྨོན་,1,0.021235931195582928
ཕྱིས་,1,0.021235931195582928
མ་ལུས་པ,1,0.021235931195582928
འགོད་,1,0.021235931195582928
ཐུབ་པ,1,0.021235931195582928
བྱེད་པོ་,1,0.021235931195582928
དཀར་ཆག༡,1,0.021235931195582928
༥༣,1,0.021235931195582928
༦༤,1,0.021235931195582928
༧༥,1,0.021235931195582928
༩༦,1,0.021235931195582928
༩༧,1,0.021235931195582928
༡༠༨,1,0.021235931195582928
༡༡༩,1,0.021235931195582928
༡༡༡༠,1,0.021235931195582928
དབང་མ,1,0.021235931195582928
༡༣༡༡,1,0.021235931195582928
༡༤,1,0.021235931195582928
